Country/City,Gender,Average Income
HONG KONG,F,23200.463124
HONG KONG,M,32763.180600000003
IND,F,2379.801663
IND,M,3401.865096
New Delhi,F,1597.3067895
New Delhi,M,3394.2751675
SINGAPORE,F,44560.409036
SINGAPORE,M,56757.42072
UK,F,26188.05464
UK,M,35262.806039999996
USA,F,53760.0
USA,M,66564.33333333333

